Feature,Importance
temperature,0.42484414062235787
humidity,0.28850654124238245
mc_final,0.1454842753904491
mc_initial,0.14116504274481048
