Feature,Importance
temperature,0.5124403010662276
humidity,0.2658487182763427
mc_final,0.15790351107071965
mc_initial,0.06380746958671007
