Feature,Coefficient
mc_initial,0.5752682394400688
temperature,0.13140755333476659
humidity,0.47122888440455496
mc_final,-0.4356033917780033
