Feature,Coefficient
mc_initial,0.5441648193193772
temperature,0.1361451871839962
humidity,0.4217806125763292
mc_final,-0.4569463162688648
