Model,MSE,RMSE,MAE,R2,MAPE (%),Accuracy (%)
Multiple Linear Regression,0.880941679,0.938584934,0.719180737,0.219831707,14.2160891,85.7839109
Random Forest Regression,0.032231725,0.179531961,0.0868645,0.971455352,1.783021991,98.21697801
Multilayer Perceptron,0.420138258,0.648180729,0.442024706,0.627922534,8.489834479,91.51016552
,,,,,,
Multiple Linear Regression,0.8809,0.9386,0.7192,0.2198,14.2161,85.7839
Random Forest Regression,0.0322,0.1795,0.0869,0.9715,1.7830,98.2170
Multilayer Perceptron,0.4201,0.6482,0.4420,0.6279,8.4898,91.5102
